videoId,title,description,publishedAt,URL,summary,year,question_number,hashtag
tBSax8FsJSo,お茶の水大学数学科R7編入試験問題1(2) 解答解説,お茶の水大学数学科R6編入試験問題 1(2) の解答解説です。同次関数と呼ばれる関数の性質の証明(1)は簡単(2)は2変数関数の合成関数の微分の計算ですが、何を計算するのかに気づけるかがポイント。#お茶の水大学#編入 #編入試験#過去問 過去問 #数学科#数学 #同次関数#2変数関数　#合成関数の微分,2025/05/12,https://studio.youtube.com/video/tBSax8FsJSo/edit,ある関数の性質を証明。2変数関数の微分計算で、何を求めるか気づくのが重要。,R7,問題1(2),"['お茶の水大学', '同次関数', '2変数関数', '合成関数の微分']"
hHgSTeX17d4,【編入試験】電気通信大学 2022-3,https://d3vof9ny70a3rq.cloudfront.net/admission/ie/special-transfer/pdf/R4hennyu.pdf,2025/05/12,https://studio.youtube.com/video/hHgSTeX17d4/edit,与えられた線形代数の問題を解き、固有値や固有ベクトルを求めます。,R4,問題3,[]
HIHGEC-EdaI,【編入試験】お茶の水大学数学科 2025-1,https://www.ao.ocha.ac.jp/past_test/body/d009462_d/fil/hennyuuri2025.pdf,2025/05/11,https://studio.youtube.com/video/HIHGEC-EdaI/edit,行列の固有値・固有ベクトルを求め、線形変換を分析する問題。,R7,問題1,[]
xi2uWenVuZ4,神戸大学海洋政策科学部2025編入試験数学問題3解答解説,神戸大学海洋政策科学部H31編入試験の問題から数学の1番の解答解説です。(1) tAx=0 (Aの転置が係数行列）を解く。(2) Ax=b を解く(3) (2) の方程式が解を持つ条件と(1)の関係の証明どうして(3)のような関係になるかの解説もつけました。#神戸大学 神戸大学#海洋政策科学部#編入 編入#数学 数学#連立一次方程式#係数行列#拡大係数行列#解を持つ条件,2025/05/11,https://studio.youtube.com/video/xi2uWenVuZ4/edit,連立一次方程式の解法と、解を持つための条件について解説。,R7,問題3,"['海洋政策科学部', '連立一次方程式', '係数行列', '拡大係数行列', '解を持つ条件']"
KtmiPkZknC0,広島大学情報学部R7編入試験問題4解答解説,広島大学情報学部R7年度編入試験問題から問題4の解答解説です。確率の問題(1) -(3)は設定の中で箱の中から赤い玉をx個取り出す確率を求めます。(4)は赤い玉を取り出す個数の期待値。二項係数(nCk)の公式を使います。最後に使った公式の証明をつけました。(4)が一番大変。(5)は試行の結果から二乗誤差が最小になるように玉の数を決める問題。(4)の結果が使えます。計算は1変数関数の微積なので難しくない。#数学 #過去問 #編入 #編入試験 #広島大学 広島大学　#情報科学部#組み合わせ #場合の数 #平均 #期待値 #二乗誤差#最小二乗誤差,2025/05/11,https://studio.youtube.com/video/KtmiPkZknC0/edit,箱から玉を取り出す確率、個数の期待値、二乗誤差最小化を解説。,R7,問題4,"['情報科学部', '組み合わせ', '場合の数', '平均', '期待値', '二乗誤差', '最小二乗誤差']"
3tImVN6Cocc,ラ カンパネラ練習50日目,,2025/05/08,https://studio.youtube.com/video/3tImVN6Cocc/edit,漸化式で表された数列の、一般項を求める方法を解説。,不明,不明,[]
32Hg7myI1bs,電気通信大学2022編入試験数学問題1解答解説,電気通信大学情報理工学域2022年度編入試験問題から数学の1番の解答解説です。(1) 4次元数ベクトル空間の線形変換fの核空間の基底と次元。(2) 別な線形変換gの像空間の基底と次元。(3) Ker f と Im g の共通部分の基底を求める 像空間の基底が列基本変形になることの説明は↓の(4) を参考にしてくださいhttps://www.youtube.com/watch?v=4n9JLf0bqRo#電通大 #電気通信大学#編入 #編入試験 #過去問#線形変換#核 #像 #基底 基底#Kernel #image,2025/05/06,https://studio.youtube.com/video/32Hg7myI1bs/edit,4次元空間における二つの写像について、核と像、そしてそれらの共通部分を求めます。,R4,問題1,"['線形変換', '核', '像', '基底', 'Kernel', 'image']"
GG36UN8ohIg,岡山大学数学科2025年編入試験問題3解答解説,岡山大学数学科2025年編入試験問題から3番の解答解説です。tanh xの性質の計算色々です。特に tanh の性質の知識は不要。(4)のテイラー展開で、n回微分を求めるのに、(3)の結果が利用できます。(4)は２種類解答を書いてみました。#岡山大学 岡山大学#編入試験 　#編入 #数学 #tanh x#テイラー展開#マクローリン展開,2025/05/06,https://studio.youtube.com/video/GG36UN8ohIg/edit,双曲線関数の微分と展開。高階微分を利用した級数展開を解説。,R7,問題3,"['tanh', 'テイラー展開', 'マクローリン展開']"
YEiUOVMwviM,神戸大学海洋政策科学部2025編入試験数学問題2解答・解説,神戸大学海洋政策科学部H31編入試験の問題から数学の2番の解答解説です。(1)不定積分(2)(3)重積分。(1)を利用します。(3)は直接やる方法と、極座標変換と２種類解答を出しましたが、直接やる方が少し楽です。#神戸大学 神戸大学#工学部 工学部#編入 編入#数学 数学#不定積分 不定積分#重積分 重積分#極座標変換 #極座標,2025/05/04,https://studio.youtube.com/video/YEiUOVMwviM/edit,**複数の積分計算問題について、解法を丁寧に解説しています。**,R7,問題2,"['不定積分', '重積分', '極座標変換', '極座標']"
vClP42Puw5I,神戸大学海洋政策科学部2025編入試験数学問題1解答・解説,神戸大学海洋政策科学部H31編入試験の問題から数学の1番を解答解説です。二変数関数の極限3題。極座標への変換と、挟み撃ちです。基本問題。#神戸大学 神戸大学#工学部 工学部#編入 編入#数学 数学#2変数関数の極限#挟み撃ち#極座標変換 #極座標,2025/05/04,https://studio.youtube.com/video/vClP42Puw5I/edit,二変数関数で、極限を求める問題の解法を解説します。,R7,問題1,"['2変数関数の極限', '挟み撃ち', '極座標変換', '極座標']"
fssnt14zzgg,信州大学工学部 R6編入試験問題2解答解説,信州大学工学部 R6編入試験から問題2の解答解説です。(1) 有理関数の不定積分(2) 重積分とその極限(2) で、(1)の結果を使います。ヤコビアンの計算についてはこちらを参考にしてください。https://youtu.be/RENm8MPoNbs#信州大学 #工学部 #編入試験 　#編入 #数学 #不定積分 #重積分 重積分#極限 極限,2025/05/03,https://studio.youtube.com/video/fssnt14zzgg/edit,有理関数の積分と、その結果を利用する重積分の極限を扱います。,R6,問題2,"['不定積分', '重積分', '極限']"
FqHnJCcmioo,信州大学工学部 R6編入試験問題1解答解説,信州大学工学部 R6編入試験から問題1の解答解説です。ヤングの不等式を証明する問題です。(1)(2) で増減表を用いて不等式の証明、(3)で(2)の結果を用いてヤングの不等式を証明します。(3)のxの値を決めるのに悩みました。#信州大学 #工学部 #編入試験 　#編入 #数学 #微分#増減表 #不等式 不等式#ヤングの不等式,2025/05/02,https://studio.youtube.com/video/FqHnJCcmioo/edit,増減表を使い、ある不等式を示し、それを利用して別の有名不等式を証明します。,R6,問題1,"['微分', '増減表', '不等式', 'ヤングの不等式']"
Q3CeAMDwKZI,東北大学工学部R7編入試験数学問題II問1解答解説,東北大学工学部R7編入試験問題から数学問題II問1の解答解説です。微分方程式２題。(a) は、形を見抜くのが大変かも。https://www.youtube.com/watch?v=PCxL_zLNXHE#東北大学#編入試験 #編入 #数学 #過去問#微分方程式 #同次形#定数係数線形2階,2025/04/27,https://studio.youtube.com/video/Q3CeAMDwKZI/edit,二つの微分方程式の解法を解説。特殊な形や、定数を使った線形な式を扱います。,R7,不明,"['微分方程式', '同次形', '定数係数線形2階']"
RBYzvtBIOkw,東北大学工学部R7編入試験数学問題I問2解答解説,東北大学工学部R7編入試験問題から数学問題I問2の解答解説です。連立漸化式を行列を使って解く問題です。確率行列ですが確率要素はなし。(a)-(c) で必要な固有値、対角化をします。メインは(d)#東北大学#編入試験 #編入 #数学 #過去問#ヤコビアン#重積分 重積分#変数変換 変数変換,2025/04/27,https://studio.youtube.com/video/RBYzvtBIOkw/edit,連立する数列の一般項を、行列を用いて求める方法を解説します。,R7,不明,"['ヤコビアン', '重積分', '変数変換']"
3b3XR0YMxjg,岡山大学数学科2024年編入試験問題2解答解説,岡山大学数学科2024年編入試験問題から2番の解答解説です。射影行列の性質の証明４題。解答するのに何を前提として良いかを決めるのが難しい。射影行列を扱った下記の問題も参考にしてください。https://youtu.be/dnIoUvaSJ8ohttps://youtu.be/zZsrxHorSEchttps://youtu.be/qRdGwVsTuuwhttps://youtu.be/zZsrxHorSEc#岡山大学 岡山大学#編入試験 　#編入 #数学 #射影行列#固有値 固有値#対角化可能#トレース トレース#ランク#階数,2025/04/23,https://studio.youtube.com/video/3b3XR0YMxjg/edit,ある行列の性質に関する4つの証明問題について解説。,R6,問題2,"['射影行列', '固有値', '対角化可能', 'トレース', 'ランク', '階数']"
hximkH4Og44,電気通信大学2022編入試験数学問題2解答解説,電気通信大学情報理工学域2022年度編入試験問題から数学の2番の解答解説です。（以前このタイトルで 2022-5 をアップしてました。すみません💦　正くはこちら）標準基底ではない2つの基底と線形変換の表現行列の関係を問われる問題です。私が動画の中でやっているように可換図式を書いて考えるとわかりやすいと思います。基底の変換についてはhttps://youtu.be/wx6CwUallykこちらを参考にしてください。#電通大 #電気通信大学#編入 #編入試験 #過去問#線形変換#表現行列#基底 基底#基底の変換#固有値 固有値#固有ベクトル 固有ベクトル,2025/04/23,https://studio.youtube.com/video/hximkH4Og44/edit,異なる基底での線形変換の行列表現を求める問題の解説。,R4,問題2,"['線形変換', '表現行列', '基底', '基底の変換', '固有値', '固有ベクトル']"
zJ80bkqDU8U,東北大学工学部R7編入試験数学問題II問2解答解説,東北大学工学部R7編入試験問題から数学問題II問2の解答解説です。ヤコビアンの計算と重積分の計算です。(1)でヤコビアンを計算していて、その変数変換を(2)で使います。計算もそれほど複雑ではなく、窮屈だけど画面１枚で終わりました。下記の問題も参考にしてください。https://www.youtube.com/watch?v=PCxL_zLNXHE#東北大学#編入試験 #編入 #数学 #過去問#ヤコビアン#重積分 重積分#変数変換 変数変換,2025/04/19,https://studio.youtube.com/video/zJ80bkqDU8U/edit,変数変換を利用し、二重積分を解く方法を解説。,R7,不明,"['ヤコビアン', '重積分', '変数変換']"
A24O-Ki_img,東北大学工学部R7編入試験数学問題I問1解答解説,東北大学工学部R7編入試験問題から数学問題I問1の解答解説です。余因子行列と逆行列の関係から、逆行列を求める問題と線形変換による平面の像を求める問題です。余因子行列の成分は転置になること、符号がつくことに注意。基本的な問題で星2個にしようか悩みました。#東北大学#編入試験 #編入 #数学 #過去問#行列#余因子行列#逆行列#線形変換#像,2025/04/19,https://studio.youtube.com/video/A24O-Ki_img/edit,行列の逆行列計算と、線形変換による図形の変化を解説。,R7,不明,"['行列', '余因子行列', '逆行列', '線形変換', '像']"
KYGqPUW2Zs8,岡山大学数学科2024年編入試験問題4解答解説,岡山大学数学科2024年編入試験問題から4番の解答解説です。数列の収束の問題。どこから手をつけたら良いかわからない時は、定義に戻りましょう。#岡山大学 岡山大学#編入試験 　#編入 #数学 #数列 数列#収束#極限値,2025/04/13,https://studio.youtube.com/video/KYGqPUW2Zs8/edit,数列が特定の値に近づくことを、定義に立ち返って解説します。,R6,問題4,"['数列', '収束', '極限値']"
gH8WDNVlBKc,電気通信大学2022編入試験数学問題5解答解説,電気通信大学情報理工学域2022年度編入試験問題から数学の5番の解答解説です。複素関数の問題です。sin z の定義を理解していれば後は定番(1) sin i の値(2) 極を求める(3) 留数定理で複素積分の値を求める#電通大 #電気通信大学#編入 #編入試験 #過去問#複素関数#sin z#極#留数#留数定理#複素積分,2025/04/13,https://studio.youtube.com/video/gH8WDNVlBKc/edit,虚数を含むsin関数の値、極の特定、積分計算を解説します。,R4,問題5,"['複素関数', 'sin', '極', '留数', '留数定理', '複素積分']"
fz--LjSMOzw,京都工芸繊維大学R7編入試験数学問題4解答解説,京都工芸繊維大学R7編入試験数学から問題4の解答解説です。微分方程式２題(1) 一階線形(2) 二階定数係数非斉次どちらも基本問題です。定数係数2階線形微分方程式については以下の動画を参考にしてください。電気通信大学https://www.youtube.com/watch?v=cEuZPovK614広島大学工学部https://www.youtube.com/watch?v=VxCJdpE8NWc#編入 編入 #大学編入 大学編入#過去問 過去問#京都工芸繊維大学#工芸繊維大#極限 極限#ロピタルの定理 #無限積分#部分分数分解 #有理関数,2025/04/13,https://studio.youtube.com/video/fz--LjSMOzw/edit,微分方程式の解法：1階線形と2階定数係数非斉次について、基礎を解説します。,R7,問題4,"['極限', 'ロピタルの定理', '無限積分', '部分分数分解', '有理関数']"
AqYhT9UIK0Q,電気通信大学2022編入試験数学問題5解答解説,電気通信大学情報理工学域2022年度編入試験問題から数学の5番の解答解説です。複素関数の問題です。sin z の定義を理解していれば後は定番(1) sin i の値(2) 極を求める(3) 留数定理で複素積分の値を求める#電通大 #電気通信大学#編入 #編入試験 #過去問#複素関数#sin z#極#留数#留数定理#複素積分,2025/04/11,https://studio.youtube.com/video/AqYhT9UIK0Q/edit,複素数のsin関数に関する、値の計算、特異点特定、積分計算を解説。,R4,問題5,"['複素関数', 'sin', '極', '留数', '留数定理', '複素積分']"
cHnnTH36Gvc,電気通信大学2022編入試験数学問題4解答解説,電気通信大学情報理工学域2022年度編入試験問題から数学の4番の解答解説です。重積分が3題です。(1) 積分領域を２つに分けて。(2) 2次元極座標変換、ウォリス積分(3)三重積分、3次元極座標変換。ヤコビアンの計算が面倒。ウォリス積分の解説はこちらからhttps://youtu.be/v0RdjMdn1zA#電通大 #電気通信大学#編入 #編入試験 #過去問#重積分 重積分#変数変換#三重積分#極座標変換 極座標#三次元極座標,2025/04/02,https://studio.youtube.com/video/cHnnTH36Gvc/edit,大学編入試験の重積分問題。極座標変換や領域分割で解く３題を解説。,R4,問題4,"['重積分', '変数変換', '三重積分', '極座標変換', '三次元極座標']"
OH6oSUd2GRo,京都工芸繊維大学R7編入試験数学問題3解答解説,京都工芸繊維大学R7編入試験数学から問題3の解答解説です。2変数関数の極値を求める問題です。二変数関数の極値については以下の動画を参考にしてください。（3本立。最後の動画は例題解説）https://youtu.be/eM7bXzYUQ-shttps://youtu.be/evOqOvr5-90https://youtu.be/GApTfP0Y-Bg#編入 編入 #大学編入 大学編入#過去問 過去問#京都工芸繊維大学#工芸繊維大#極限 極限#ロピタルの定理 #無限積分#部分分数分解 #有理関数,2025/03/31,https://studio.youtube.com/video/OH6oSUd2GRo/edit,2変数関数が最大/最小となる点を、偏微分を使って見つける方法を解説。,R7,問題3,"['極限', 'ロピタルの定理', '無限積分', '部分分数分解', '有理関数']"
y68AgjTYa9Q,お茶の水大学数学科R6編入試験問題1解答解説,お茶の水大学数学科R6編入試験問題 2の解答解説です。線形代数基底、部分空間、ベクトルの一次独立などの基本的な問題です。#お茶の水大学#編入 #編入試験#過去問 過去問 #数学科#数学 #基底 基底#一次独立　#部分空間,2025/03/30,https://studio.youtube.com/video/y68AgjTYa9Q/edit,線形代数の基礎概念（基底、部分空間、一次独立性）を問う問題の解説。,R6,問題1,"['お茶の水大学', '基底', '一次独立', '部分空間']"
PTqK7rr_u98,京都工芸繊維大学R7編入試験数学問題1解答解説,京都工芸繊維大学R7編入試験数学から問題1の解答解説です。2次のハミルトンケーリーの定理を導いて、それを使って証明をする問題#編入 編入 #大学編入 大学編入#過去問 過去問#京都工芸繊維大学#工芸繊維大#ハミルトンケーリーの定理#余因子行列#行列式 行列式#トレース トレース,2025/03/20,https://studio.youtube.com/video/PTqK7rr_u98/edit,2次正方行列に対し、固有方程式と行列の性質を利用した証明問題を解説。,R7,問題1,"['ハミルトンケーリーの定理', '余因子行列', '行列式', 'トレース']"
VKhlAubGtsM,信州大学工学部 R7編入試験問題2解答解説 take 2,信州大学工学部 R7編入試験から問題2の解答解説です。積分の計算２題です。(1)置換積分の後、部分積分で計算します(2)重積分、極座標変換すると(1)と同様の計算になります#信州大学 #工学部 #編入試験 　#編入 #数学 #積分 積分 #置換積分 #部分積分#重積分 #極座標変換,2025/03/12,https://studio.youtube.com/video/VKhlAubGtsM/edit,積分計算問題２題：置換・部分積分と、極座標変換を用いた重積分を解説。,R7,問題2,"['積分', '置換積分', '部分積分', '重積分', '極座標変換']"
bODNtzEmMfc,岡山大学数学科2023年編入試験問題4解答解説,岡山大学数学科2023年編入試験問題から4番の解答解説です。リプシッツ連続が一様連続より強い概念であることの証明とその具体例の問題です。数学科らしい問題ですね。#岡山大学 岡山大学#編入試験 　#編入 #数学 #リプシッツ#一様連続,2025/03/04,https://studio.youtube.com/video/bODNtzEmMfc/edit,ある連続性が、別の連続性より厳しい条件であることの証明と例。,R5,問題4,"['リプシッツ', '一様連続']"
C55JoRNJtWc,岡山大学数学科2023年編入試験問題3解答解説,岡山大学数学科2023年編入試験問題から3番の解答解説です。定積分の等式の証明と、それを使った計算です。(2)の式は(1)が使えることに気づけば簡単。#岡山大学 岡山大学#編入試験 　#編入 #数学 #積分 積分 #置換積分 置換積分,2025/02/18,https://studio.youtube.com/video/C55JoRNJtWc/edit,定積分の等式証明と、それを利用した積分計算の解法。,R5,問題3,"['積分', '置換積分']"
69mb3CgRrCI,岡山大学数学科2023年編入試験問題1解答解説,岡山大学数学科2023年編入試験問題から1番の解答解説です。4次正方行列の固有値、固有空間の基底、対角化可能性を調べる問題です。4次正方行列の行列式の計算は、思ったより楽でした。#岡山大学 岡山大学#編入試験 　#編入 #数学 #固有値 固有値#固有ベクトル 固有ベクトル#固有空間#対角化可能性,2025/02/18,https://studio.youtube.com/video/69mb3CgRrCI/edit,4次正方行列の固有値、固有空間、対角化可能性を求める問題の解説。,R5,問題1,"['固有値', '固有ベクトル', '固有空間', '対角化可能性']"
VKhlAubGtsM,信州大学工学部 R7編入試験問題2解答解説 take 2,信州大学工学部 R7編入試験から問題2の解答解説です。積分の計算２題です。(1)置換積分の後、部分積分で計算します(2)重積分、極座標変換すると(1)と同様の計算になります#信州大学 #工学部 #編入試験 　#編入 #数学 #積分 積分 #置換積分 #部分積分#重積分 #極座標変換,2025/03/12,https://studio.youtube.com/video/VKhlAubGtsM/edit,積分計算２題：置換・部分積分と、極座標変換を用いた重積分を解説。,R7,問題2,"['積分', '置換積分', '部分積分', '重積分', '極座標変換']"
po_wlnf51DE,信州大学工学部 R7編入試験問題1解答解説,信州大学工学部 R7編入試験から問題1の解答解説です。極限の計算３題です。(1)(2) はロピタルの定理を使います(3) 2変数関数の極限で、異なる値を取る経路を探すところがポイント#信州大学 #工学部 #編入試験 　#編入 #数学 #極限#ロピタルの定理,2025/03/10,https://studio.youtube.com/video/po_wlnf51DE/edit,極限値を求める問題で、関数の形に応じて解法を使い分けます。,R7,問題1,"['極限', 'ロピタルの定理']"
bODNtzEmMfc,岡山大学数学科2023年編入試験問題4解答解説,岡山大学数学科2023年編入試験問題から4番の解答解説です。リプシッツ連続が一様連続より強い概念であることの証明とその具体例の問題です。数学科らしい問題ですね。#岡山大学 岡山大学#編入試験 　#編入 #数学 #リプシッツ#一様連続,2025/03/04,https://studio.youtube.com/video/bODNtzEmMfc/edit,ある連続性が、別の連続性より強い理由と例を示す問題。,R5,問題4,"['リプシッツ', '一様連続']"
O-MjHr9wStA,岡山大学数学科2023年編入試験問題2解答解説,岡山大学数学科2023年編入試験問題から2番の解答解説です。4次正方行列のランク、行列で定義される線形変換の核の基底、核の基底が変換で不変になるための条件を求める問題#岡山大学 岡山大学#編入試験 　#編入 #数学 #行列 #ランク #階数#核 #基底 #像 #不変空間,2025/02/26,https://studio.youtube.com/video/O-MjHr9wStA/edit,4次正方行列に関する線形変換で、像の次元や不変な部分空間を求める問題。,R5,問題2,"['行列', 'ランク', '階数', '核', '基底', '像', '不変空間']"
C55JoRNJtWc,岡山大学数学科2023年編入試験問題3解答解説,岡山大学数学科2023年編入試験問題から3番の解答解説です。定積分の等式の証明と、それを使った計算です。(2)の式は(1)が使えることに気づけば簡単。#岡山大学 岡山大学#編入試験 　#編入 #数学 #積分 積分 #置換積分 置換積分,2025/02/18,https://studio.youtube.com/video/C55JoRNJtWc/edit,定積分の式を示し、それを利用して別の定積分を計算する問題。,R5,問題3,"['積分', '置換積分']"
69mb3CgRrCI,岡山大学数学科2023年編入試験問題1解答解説,岡山大学数学科2023年編入試験問題から1番の解答解説です。4次正方行列の固有値、固有空間の基底、対角化可能性を調べる問題です。4次正方行列の行列式の計算は、思ったより楽でした。#岡山大学 岡山大学#編入試験 　#編入 #数学 #固有値 固有値#固有ベクトル 固有ベクトル#固有空間#対角化可能性,2025/02/18,https://studio.youtube.com/video/69mb3CgRrCI/edit,4次正方行列の特性を調べ、より扱いやすい形に変形できるか検討します。,R5,問題1,"['固有値', '固有ベクトル', '固有空間', '対角化可能性']"
9DyH3hbfXZI,【編入試験】岡山大学数学科 2023-3,https://www.science.okayama-u.ac.jp/admission/2023_admission3_math.pdf,2025/02/17,https://studio.youtube.com/video/9DyH3hbfXZI/edit,空間図形の体積を求める問題の解説。,R5,問題3,[]
AMLqiyMkPLk,【編入試験】岡山大学数学科 2023 3番,https://www.science.okayama-u.ac.jp/admission/2023_admission3_math.pdf,2025/02/17,https://studio.youtube.com/video/AMLqiyMkPLk/edit,図形と数列が絡む、少し難しい計算問題の解き方。,R5,不明,[]
SsdBiMj_a-4,【はじめて学ぶベクトル空間】#9 直交行列の応用,#9 直交行列の応用直交行列を使って、点の座標を求める、図形の方程式を求める、という２つの計算をします。-----------------------------------------------------------------「はじめて学ぶベクトル空間」大日本図書↓を教科書として解説して行きます。本の構成に従って作っていきます。https://www.dainippon-tosho.co.jp/college_math/vector.html　「これならわかる！」という動画を目指します。編入試験で、空間論（核、像、基底、部分空間など）が必要な人、大学でこの辺りの授業があるけど、よくわからない人、参考にしていただけると幸いです。#線形代数 #数学 #ベクトル空間#数ベクトル空間#基底#直交#正規直交基底 #直交行列 直交行列,2025/02/16,https://studio.youtube.com/video/SsdBiMj_a-4/edit,行列を用いて、点の位置や図形表現を変換する計算を解説。,不明,不明,"['9', '線形代数', 'ベクトル空間', '数ベクトル空間', '基底', '直交', '正規直交基底', '直交行列']"
FPou20zhIWw,筑波大学応用理工学類R7編入試験数学 2-1解答解説,筑波大学応用理工学類R7編入試験数学 問題2-1の解答解説です。連立一次方程式の解の状態と、係数行列のランクの関係の問題です。#筑波大学 #編入#数学#過去問#連立一次方程式#係数行列#拡大係数行列#ランク,2025/02/09,https://studio.youtube.com/video/FPou20zhIWw/edit,連立一次方程式の解の有無を、行列の階数を使って判定します。,R7,問題1,"['連立一次方程式', '係数行列', '拡大係数行列', 'ランク']"
BAq7eBWB9l0,筑波大学応用理工学類R7編入試験数学 2-2解答解説,筑波大学応用理工学類R7編入試験数学 問題2-2の解答解説です。回転行列の固有値、固有ベクトルを求めてn乗の計算をします。最後の答えは、nθ回転の行列になるということがわかっているので自信を持って回答できると思います。#筑波大学 #編入#数学#過去問#表現行列 表現行列#回転行列#固有値 固有値#固有ベクトル 固有ベクトル#n乗,2025/02/02,https://studio.youtube.com/video/BAq7eBWB9l0/edit,回転を表す行列について、繰り返し計算でどう変化するかを解きます。,R7,問題2,"['表現行列', '回転行列', '固有値', '固有ベクトル', 'n乗']"
vgecBp_ByIQ,筑波大学応用理工学類R7編入試験数学 1-1解答解説,筑波大学応用理工学類R7編入試験数学 問題1-1の解答解説です。微積４題(1) 有理関数の不定積分、部分分数分解(2) カテナリーの長さ(3) 二重積分(4) 接平面どれも基本的な問題です。曲線の長さについては下記を参考にしてください。広島大学 R5-1(2)https://youtu.be/IKAYonoigDI接平面については以下の動画を参考にしてください。https://youtu.be/jouueZhtXwg電通大 R5-3https://www.youtube.com/watch?v=jouueZhtXwg&t=75s電通2023-3https://www.youtube.com/watch?v=sBldLF9DZkQ&t=30s筑波応用理工 H31-1B#筑波大学 #編入#数学#過去問#不定積分 不定積分#部分分数分解 部分分数分解#曲線の長さ#二重積分#接平面接平面の別説明,2025/01/30,https://studio.youtube.com/video/vgecBp_ByIQ/edit,複数の計算問題（積分、曲線、平面）の解法を解説。,R7,問題1,"['不定積分', '部分分数分解', '曲線の長さ', '二重積分', '接平面接平面の別説明']"
94slCFL6Yjk,奈良女子大数学コースR7編入学試験A1解答解説,奈良女子大数学コースR7編入学試験から問題A1解答解説です。線型写像の像空間の次元と、像空間に含まれるための条件を求める問題です。線型写像の像、核の次元と規定については京都大学R1-3を参考にしてください。https://youtu.be/5BG4YYYiovc#奈良女子大学#編入 #編入試験#過去問 過去問 #数学コース#数学 #部分分数分解#有理関数の積分#無限積分https://youtu.be/5BG4YYYiovc,2025/01/27,https://studio.youtube.com/video/94slCFL6Yjk/edit,写像による像の広がり具合と、像に入るための条件を解説。,R7,不明,"['奈良女子大学', '数学コース', '部分分数分解', '有理関数の積分', '無限積分https']"
LWxN1rU9Zd0,大阪大学基礎工学部R3編入試験問題2解答解説,大阪大学基礎工学部R3編入試験問題から数学2の解答解説です。きた！鉄板問題。(1)実対称行列を直交行列で対角化(2)実対称行列の異なる固有値に対する固有ベクトルは直交することの証明もう何度も解いた問題。頻出なので必ずできるようにしてください。#編入試験 #編入 #大阪大学 大阪大学#基礎工学部 工学部#数学 数学#実対称行列#固有値 #固有ベクトル 固有ベクトル#対角化#直交行列 直交行列,2025/01/09,https://studio.youtube.com/video/LWxN1rU9Zd0/edit,対称な数字の並びを扱い、性質の証明や変形を行う問題の解説。,R3,問題2,"['基礎工学部', '実対称行列', '固有値', '固有ベクトル', '対角化', '直交行列']"
qbfhevsZ-0o,【はじめて学ぶベクトル空間】#8直交行列,#8 直交行列後に重要な役割をする行列です。定義と性質をしっかり覚えましょう。-----------------------------------------------------------------「はじめて学ぶベクトル空間」大日本図書↓を教科書として解説して行きます。本の構成に従って作っていきます。https://www.dainippon-tosho.co.jp/college_math/vector.html　「これならわかる！」という動画を目指します。編入試験で、空間論（核、像、基底、部分空間など）が必要な人、大学でこの辺りの授業があるけど、よくわからない人、参考にしていただけると幸いです。#線形代数 #数学 #ベクトル空間#数ベクトル空間#基底#直交#正規直交基底 #直交行列 直交行列,2024/12/27,https://studio.youtube.com/video/qbfhevsZ-0o/edit,ある行列の定義と性質を解説。空間論やベクトル空間の理解を深めます。,不明,不明,"['8', '線形代数', 'ベクトル空間', '数ベクトル空間', '基底', '直交', '正規直交基底', '直交行列']"
gPulJnwGBMY,お茶の水大学数学科R6編入試験問題2解答解説,お茶の水大学数学科R6編入試験問題2解答解説です。微積の問題、３題です。(1) 級数の収束判定(2) 近似値の誤差の評価(3) 無限積分の収束判定1変数の微積の問題です。難易度はそれほど高くないですが、数学科らしい細かいところを問われています。#お茶の水大学#編入 #編入試験#過去問 過去問 #数学科#数学 #級数 #ダランベールの判定法#テイラーの定理 #マクローリン展開 #近似値#誤差 #無限積分 無限積分#収束 収束 #発散 発散,2024/12/27,https://studio.youtube.com/video/gPulJnwGBMY/edit,大学編入試験の微積分問題。級数の収束や近似の誤差、積分の収束を判定します。,R6,問題2,"['お茶の水大学', '級数', 'ダランベールの判定法', 'テイラーの定理', 'マクローリン展開', '近似値', '誤差', '無限積分', '収束', '発散']"
_3ZwxkMzAeM,大阪大学基礎工学部R3編入試験問題1解答解説,大阪大学基礎工学部R3編入試験問題から数学1の解答解説です。1変数関数と2変数関数の合成関数の偏微分の問題。整理していくと、微分方程式になります。2変数関数の合成関数の偏微分についての動画、作成してなかった！近いうちに作ります！#編入試験 #編入 #大阪大学 大阪大学#基礎工学部 工学部#数学 数学#2変数関数#偏微分#微分方程式 微分方程式,2024/12/12,https://studio.youtube.com/video/_3ZwxkMzAeM/edit,合成関数の偏微分から、微分方程式を導く問題の解説。,R3,問題1,"['基礎工学部', '2変数関数', '偏微分', '微分方程式']"
0mjsgXD8Rlk,大阪大学基礎工学部2023編入試験問題1解答解説,大阪大学基礎工学部2023編入試験問題から数学1の解答解説です。全微分から接線、接平面を求める問題です。接平面については↓も参考にしてください。https://youtu.be/jouueZhtXwghttps://youtu.be/nM6wJyLXbDs#編入試験 #編入 #大阪大学 大阪大学#基礎工学部 工学部#数学 数学#全微分 #接線 #接平面#恒等式,2024/12/07,https://studio.youtube.com/video/0mjsgXD8Rlk/edit,ある関数の、ある点における接線と接平面を求める問題の解説。,R5,問題1,"['基礎工学部', '全微分', '接線', '接平面', '恒等式']"
qRdGwVsTuuw,大阪大学基礎工学部2023編入試験問題2解答解説,大阪大学基礎工学部2023編入試験問題から数学2の解答解説です。直交射影変換の表現行列を求め、その性質の証明と固有値・固有ベクトルを求めます。射影の性質をうまく使えると楽ですが、素朴な方法でも求められます。解答は両方やってみました。#編入試験 #編入 #大阪大学 大阪大学#基礎工学部 工学部#数学 数学#線形変換 #射影 射影#表現行列 表現行列#固有値 固有値#固有ベクトル 固有ベクトル,2024/12/05,https://studio.youtube.com/video/qRdGwVsTuuw/edit,空間への正射影を表す行列を求め、その特徴や向きを調べます。,R5,問題2,"['基礎工学部', '線形変換', '射影', '表現行列', '固有値', '固有ベクトル']"
uKo7GU7D2I0,大阪大学基礎工学部2023編入試験問題3解答解説,大阪大学基礎工学部2023編入試験問題　から数学3の解答解説です。(1)-(3)は幾何分布の基本的な問題。(4)はエントロピー最大の分布を求める問題です。(4)の最後に(1)-(3)が使えるあたりが面白い。　工学部の問題より、私の好みです。#編入試験 #編入 #大阪大学 大阪大学#基礎工学部 工学部#数学 数学#確率機 確率＃確率分布＃平均＃幾何分布＃エントロピー＃最大値,2024/12/02,https://studio.youtube.com/video/uKo7GU7D2I0/edit,ある確率分布について、平均やエントロピーを求める問題の解説です。,R5,問題3,"['基礎工学部', '確率機']"
